[{
  "cID": 1,
  "cI": "Retiro, San Nicolás, Puerto Madero, San Telmo, Montserrat y Constitución",
  "cP": "La Comuna 1 está integrada por los barrios de  Retiro, San Nicolás, Puerto Madero, San Telmo, Montserrat y Constitución.",
  "imgC": "https://live.staticflickr.com/65535/51930776611_0bdb1b2850_n.jpg"
},
  {
    "cID": 2,
    "cI": "Recoleta",
    "cP": "Esta Comuna está integrada por el barrio de Recoleta.",
    "imgC": "https://live.staticflickr.com/65535/51931299427_2281f3a92d_o.png"
  },
  {
    "cID": 3,
    "cI": "Balvanera y San Cristóbal",
    "cP": "Esta Comuna está integrada por los barrios de Balvanera y San Cristóbal.",
    "imgC": "https://live.staticflickr.com/65535/51932357033_aa6f098015_o.png"
  },
  {
    "cID": 4,
    "cI": "La Boca, Barracas, Parque Patricios y Nueva Pompeya.",
    "cP": "Esta Comuna está integrada por los barrios de La Boca, Barracas, Parque Patricios y Nueva Pompeya.",
    "imgC": "https://live.staticflickr.com/65535/51931299707_c0b5726679_o.png"
  },
  {
    "cID": 5,
    "cI": "Almagro y Boedo",
    "cP": "Entre ALMAGRO y BOEDO se queda el alcance de la Comuna 5",
    "imgC": "https://live.staticflickr.com/65535/51932356783_9c6188276a_o.png"
  },
  {
    "cID": 6,
    "cI": "Caballito",
    "cP": "Lo barrio en ascension de caballito incluye la comuna 6",
    "imgC": ""
  },
  {
    "cID": 7,
    "comunaI": "Flores y Parque Chacabuco",
    "comunaParagphy": "Contenido en CONSTRUCCION",
    "imgC": "https://live.staticflickr.com/65535/51932279611_3a09bd09e6_o.png"
  },
  {
    "cID": 8,
    "cI": "Villa Soldati, Villa Riachuelo, Villa Lugano",
    "comunaParagphy": "Contenido en CONSTRUCCION",
    "imgC": ""
  },
  {
    "cID": 9,
    "cI": "Liniers, Mataderos y Parque Avellaneda",
    "cP": "Contenido en CONSTRUCCION",
    "imgC": "https://live.staticflickr.com/65535/51937488067_0f7029922f_o.png"
  },
  {
    "cID": 10,
    "cI": "Villa Real, Monte Castro, Versalles, Floresta, Vélez Sarsfield y Villa Luro",
    "cParagphy": "Contenido en CONSTRUCCION",
    "imgC": "https://live.staticflickr.com/65535/51937488067_0f7029922f_o.png"
  },
  {
    "cID": 11,
    "cI": " Villa General Mitre, Villa Devoto, Villa del Parque y Villa Santa Rita",
    "cParagphy": "Contenido en CONSTRUCCION",
    "cC": "https://live.staticflickr.com/65535/51937488067_0f7029922f_o.png"
  },
  {
    "cID": 12,
    "cI": "Coghlan, Saavedra, Villa Urquiza y Villa Pueyrredón.",
    "cP": "Contenido en CONSTRUCCION",
    "imgC": "https://live.staticflickr.com/65535/51937488067_0f7029922f_o.png"
  },
  {
    "cID": 13,
    "cI": "Núñez, Belgrano y Colegiales",
    "cP": "Contenido en CONSTRUCCION",
    "imgC": "https://live.staticflickr.com/65535/51937488067_0f7029922f_o.png"
  },
  {
    "cID": 14,
    "cI": "Palermo",
    "cP": "Contenido en CONSTRUCCION",
    "imgC": "https://live.staticflickr.com/65535/51937488067_0f7029922f_o.png"
  },
  {
    "cID": 15,
    "cI": " Chacarita, Villa Crespo, La Paternal, Villa Ortúzar, Agronomía y Parque Chas",
    "cP": "Contenido en CONSTRUCCION",
    "imgC": "https://live.staticflickr.com/65535/51937488067_0f7029922f_o.png"
  }
]