[{
    "id": "com.bizjournals.Cardguard",
    "first_name": "Monty",
    "last_name": "Vost",
    "user_name": "Aerified",
    "email": "mvost0@scribd.com",
    "password": "fhaRThUpjBYc",
    "avatar": "https://robohash.org/quihicaliquid.png?size=200x250&set=set1",
    "preference_price": true,
    "preference_zone": false,
    "preference_stars": true,
    "user_opnion": "Stand-alone actuating local area network",
    "register_user": 1
}, {
    "id": "com.canalblog.Treeflex",
    "first_name": "Clarisse",
    "last_name": "McGibbon",
    "user_name": "Span",
    "email": "cmcgibbon1@hc360.com",
    "password": "C9LyPU0dL",
    "avatar": "https://robohash.org/quasnatuslaudantium.png?size=200x250&set=set1",
    "preference_price": true,
    "preference_zone": true,
    "preference_stars": true,
    "user_opnion": "Function-based scalable open system",
    "register_user": 2
}, {
    "id": "net.a8.Overhold",
    "first_name": "Dusty",
    "last_name": "Sainsbury",
    "user_name": "Trippledex",
    "email": "dsainsbury2@flickr.com",
    "password": "fZB8dNu9Asz5",
    "avatar": "https://robohash.org/deseruntomnisvoluptas.png?size=200x250&set=set1",
    "preference_price": false,
    "preference_zone": true,
    "preference_stars": true,
    "user_opnion": "Customizable incremental migration",
    "register_user": 3
}, {
    "id": "net.slideshare.Toughjoyfax",
    "first_name": "Salvatore",
    "last_name": "Sivewright",
    "user_name": "Cardify",
    "email": "ssivewright3@artisteer.com",
    "password": "4Rz39Dz7",
    "avatar": "https://robohash.org/etcupiditatenatus.png?size=200x250&set=set1",
    "preference_price": true,
    "preference_zone": true,
    "preference_stars": true,
    "user_opnion": "Switchable didactic internet solution",
    "register_user": 4
}, {
    "id": "net.sourceforge.Cookley",
    "first_name": "Marillin",
    "last_name": "Marcoolyn",
    "user_name": "Zaam-Dox",
    "email": "mmarcoolyn4@storify.com",
    "password": "recwEuLo8V",
    "avatar": "https://robohash.org/modidelenitinon.png?size=200x250&set=set1",
    "preference_price": true,
    "preference_zone": true,
    "preference_stars": false,
    "user_opnion": "Customizable 3rd generation knowledge base",
    "register_user": 5
}, {
    "id": "com.aol.Y-Solowarm",
    "first_name": "Florri",
    "last_name": "Kauffman",
    "user_name": "Lotstring",
    "email": "fkauffman5@biglobe.ne.jp",
    "password": "ie0jQoHmV37",
    "avatar": "https://robohash.org/magnamexut.png?size=200x250&set=set1",
    "preference_price": false,
    "preference_zone": true,
    "preference_stars": true,
    "user_opnion": "Balanced global success",
    "register_user": 6
}, {
    "id": "com.blog.Quo Lux",
    "first_name": "Caye",
    "last_name": "Meneely",
    "user_name": "Sub-Ex",
    "email": "cmeneely6@mysql.com",
    "password": "Oi3QhA",
    "avatar": "https://robohash.org/quamnisiaut.png?size=200x250&set=set1",
    "preference_price": true,
    "preference_zone": false,
    "preference_stars": false,
    "user_opnion": "Adaptive asymmetric definition",
    "register_user": 7
}, {
    "id": "cz.toplist.Daltfresh",
    "first_name": "Luella",
    "last_name": "Deshon",
    "user_name": "Konklab",
    "email": "ldeshon7@ezinearticles.com",
    "password": "W6u6vV4Mfk4x",
    "avatar": "https://robohash.org/doloresomnissunt.png?size=200x250&set=set1",
    "preference_price": false,
    "preference_zone": true,
    "preference_stars": true,
    "user_opnion": "De-engineered bandwidth-monitored benchmark",
    "register_user": 8
}, {
    "id": "com.ning.Ronstring",
    "first_name": "Damita",
    "last_name": "Cunningham",
    "user_name": "Namfix",
    "email": "dcunningham8@eepurl.com",
    "password": "x3QVkkT1Dj",
    "avatar": "https://robohash.org/fugitabqui.png?size=200x250&set=set1",
    "preference_price": false,
    "preference_zone": false,
    "preference_stars": false,
    "user_opnion": "Function-based web-enabled knowledge base",
    "register_user": 9
}, {
    "id": "uk.co.guardian.Temp",
    "first_name": "Netti",
    "last_name": "Fliege",
    "user_name": "Tin",
    "email": "nfliege9@springer.com",
    "password": "CBcVcc",
    "avatar": "https://robohash.org/dictaconsectetursit.png?size=200x250&set=set1",
    "preference_price": false,
    "preference_zone": false,
    "preference_stars": true,
    "user_opnion": "Progressive hybrid methodology",
    "register_user": 10
}, {
    "id": "com.marriott.Zaam-Dox",
    "first_name": "Jemimah",
    "last_name": "Caiger",
    "user_name": "Asoka",
    "email": "jcaigera@youtu.be",
    "password": "TSuHrC",
    "avatar": "https://robohash.org/natusaccusamuset.png?size=200x250&set=set1",
    "preference_price": false,
    "preference_zone": false,
    "preference_stars": false,
    "user_opnion": "Configurable coherent adapter",
    "register_user": 11
}, {
    "id": "com.mozilla.Alphazap",
    "first_name": "Barbey",
    "last_name": "Bagshawe",
    "user_name": "Fix San",
    "email": "bbagshaweb@dailymail.co.uk",
    "password": "CHX9aH",
    "avatar": "https://robohash.org/quidebitisullam.png?size=200x250&set=set1",
    "preference_price": false,
    "preference_zone": false,
    "preference_stars": false,
    "user_opnion": "Centralized systemic customer loyalty",
    "register_user": 12
}, {
    "id": "cz.mapy.Vagram",
    "first_name": "Haroun",
    "last_name": "Ferfulle",
    "user_name": "Regrant",
    "email": "hferfullec@deviantart.com",
    "password": "nJWy3q39Fu",
    "avatar": "https://robohash.org/voluptateminvoluptatem.png?size=200x250&set=set1",
    "preference_price": true,
    "preference_zone": false,
    "preference_stars": false,
    "user_opnion": "Sharable optimizing analyzer",
    "register_user": 13
}, {
    "id": "jp.shop-pro.Bamity",
    "first_name": "Dedie",
    "last_name": "Tutt",
    "user_name": "Cookley",
    "email": "dtuttd@usda.gov",
    "password": "UKmuogyRaqg5",
    "avatar": "https://robohash.org/omnisrepudiandaeiste.png?size=200x250&set=set1",
    "preference_price": false,
    "preference_zone": true,
    "preference_stars": true,
    "user_opnion": "Reverse-engineered systematic function",
    "register_user": 14
}, {
    "id": "com.netlog.Kanlam",
    "first_name": "Faydra",
    "last_name": "Decourcy",
    "user_name": "Keylex",
    "email": "fdecourcye@noaa.gov",
    "password": "9mJybXXNO",
    "avatar": "https://robohash.org/minimaaccusamusquam.png?size=200x250&set=set1",
    "preference_price": true,
    "preference_zone": true,
    "preference_stars": true,
    "user_opnion": "Visionary coherent throughput",
    "register_user": 15
}, {
    "id": "ca.cbc.Zontrax",
    "first_name": "Cassandra",
    "last_name": "Drummond",
    "user_name": "Namfix",
    "email": "cdrummondf@hatena.ne.jp",
    "password": "QJ562jkNfG2v",
    "avatar": "https://robohash.org/eumutodit.png?size=200x250&set=set1",
    "preference_price": true,
    "preference_zone": false,
    "preference_stars": false,
    "user_opnion": "Operative reciprocal success",
    "register_user": 16
}, {
    "id": "com.blogs.Cardguard",
    "first_name": "Lisa",
    "last_name": "Boorer",
    "user_name": "Keylex",
    "email": "lboorerg@ameblo.jp",
    "password": "9ojNFLc",
    "avatar": "https://robohash.org/velitaliasdolor.png?size=200x250&set=set1",
    "preference_price": false,
    "preference_zone": false,
    "preference_stars": true,
    "user_opnion": "Business-focused intangible middleware",
    "register_user": 17
}, {
    "id": "com.example.Tampflex",
    "first_name": "Tomasina",
    "last_name": "Worland",
    "user_name": "Bytecard",
    "email": "tworlandh@csmonitor.com",
    "password": "avqn0DHn",
    "avatar": "https://robohash.org/quiexpeditavel.png?size=200x250&set=set1",
    "preference_price": true,
    "preference_zone": true,
    "preference_stars": true,
    "user_opnion": "Advanced 5th generation product",
    "register_user": 18
}, {
    "id": "com.zdnet.Zontrax",
    "first_name": "Bonnee",
    "last_name": "Brabin",
    "user_name": "Tempsoft",
    "email": "bbrabini@twitter.com",
    "password": "yzJUJV3BSmw4",
    "avatar": "https://robohash.org/eaenimdoloremque.png?size=200x250&set=set1",
    "preference_price": false,
    "preference_zone": false,
    "preference_stars": false,
    "user_opnion": "Business-focused client-driven utilisation",
    "register_user": 19
}, {
    "id": "com.slate.Ronstring",
    "first_name": "Krista",
    "last_name": "Oki",
    "user_name": "Aerified",
    "email": "kokij@slashdot.org",
    "password": "sNdeg2L58Re",
    "avatar": "https://robohash.org/sedlaudantiumnulla.png?size=200x250&set=set1",
    "preference_price": false,
    "preference_zone": false,
    "preference_stars": true,
    "user_opnion": "User-centric reciprocal portal",
    "register_user": 20
}, {
    "id": "org.unicef.Pannier",
    "first_name": "Tracey",
    "last_name": "Hawkett",
    "user_name": "Greenlam",
    "email": "thawkettk@issuu.com",
    "password": "w1mLvh",
    "avatar": "https://robohash.org/saepeoditnesciunt.png?size=200x250&set=set1",
    "preference_price": true,
    "preference_zone": true,
    "preference_stars": false,
    "user_opnion": "Synergistic non-volatile Graphic Interface",
    "register_user": 21
}, {
    "id": "net.themeforest.Rank",
    "first_name": "Olly",
    "last_name": "Minot",
    "user_name": "Wrapsafe",
    "email": "ominotl@who.int",
    "password": "1WQtMm",
    "avatar": "https://robohash.org/officiisdignissimosquidem.png?size=200x250&set=set1",
    "preference_price": true,
    "preference_zone": true,
    "preference_stars": false,
    "user_opnion": "Expanded eco-centric flexibility",
    "register_user": 22
}, {
    "id": "org.npr.Temp",
    "first_name": "Jaymee",
    "last_name": "Garbett",
    "user_name": "Tres-Zap",
    "email": "jgarbettm@bluehost.com",
    "password": "90HKhwI",
    "avatar": "https://robohash.org/doloribusineum.png?size=200x250&set=set1",
    "preference_price": true,
    "preference_zone": true,
    "preference_stars": true,
    "user_opnion": "Customer-focused client-driven intranet",
    "register_user": 23
}, {
    "id": "uk.co.bbc.Holdlamis",
    "first_name": "Jermayne",
    "last_name": "Skedgell",
    "user_name": "Sonsing",
    "email": "jskedgelln@amazon.com",
    "password": "rwh60vsfbS",
    "avatar": "https://robohash.org/cumqueetquibusdam.png?size=200x250&set=set1",
    "preference_price": false,
    "preference_zone": false,
    "preference_stars": true,
    "user_opnion": "Intuitive bifurcated hub",
    "register_user": 24
}, {
    "id": "uk.co.dailymail.Voltsillam",
    "first_name": "Nollie",
    "last_name": "Iacovucci",
    "user_name": "Tres-Zap",
    "email": "niacovuccio@arstechnica.com",
    "password": "YI4zw0ml",
    "avatar": "https://robohash.org/laboriosamrecusandaeomnis.png?size=200x250&set=set1",
    "preference_price": false,
    "preference_zone": true,
    "preference_stars": true,
    "user_opnion": "Fully-configurable exuding parallelism",
    "register_user": 25
}, {
    "id": "com.twitter.Tempsoft",
    "first_name": "Margit",
    "last_name": "Norcott",
    "user_name": "Alpha",
    "email": "mnorcottp@tamu.edu",
    "password": "5L9rQU",
    "avatar": "https://robohash.org/utetsoluta.png?size=200x250&set=set1",
    "preference_price": true,
    "preference_zone": false,
    "preference_stars": false,
    "user_opnion": "Customizable 6th generation groupware",
    "register_user": 26
}, {
    "id": "com.aol.Pannier",
    "first_name": "Alphonse",
    "last_name": "Luttger",
    "user_name": "Transcof",
    "email": "aluttgerq@bandcamp.com",
    "password": "TqcLmnOw4DXW",
    "avatar": "https://robohash.org/etplaceatest.png?size=200x250&set=set1",
    "preference_price": true,
    "preference_zone": false,
    "preference_stars": false,
    "user_opnion": "Synchronised zero administration interface",
    "register_user": 27
}, {
    "id": "ru.rambler.Zathin",
    "first_name": "Mindy",
    "last_name": "Rannald",
    "user_name": "Domainer",
    "email": "mrannaldr@blog.com",
    "password": "RqAjiu",
    "avatar": "https://robohash.org/quodelenitivoluptas.png?size=200x250&set=set1",
    "preference_price": true,
    "preference_zone": true,
    "preference_stars": false,
    "user_opnion": "Cross-group real-time open system",
    "register_user": 28
}, {
    "id": "com.usnews.Alphazap",
    "first_name": "Ronalda",
    "last_name": "Rowly",
    "user_name": "Lotstring",
    "email": "rrowlys@engadget.com",
    "password": "ttQOKvQ",
    "avatar": "https://robohash.org/perspiciatisipsammodi.png?size=200x250&set=set1",
    "preference_price": true,
    "preference_zone": false,
    "preference_stars": true,
    "user_opnion": "Reactive even-keeled circuit",
    "register_user": 29
}, {
    "id": "cn.360.Fix San",
    "first_name": "Filippo",
    "last_name": "Duffyn",
    "user_name": "Redhold",
    "email": "fduffynt@narod.ru",
    "password": "OWdiPJQV8cN",
    "avatar": "https://robohash.org/perspiciatisplaceatnumquam.png?size=200x250&set=set1",
    "preference_price": true,
    "preference_zone": false,
    "preference_stars": true,
    "user_opnion": "Automated client-server productivity",
    "register_user": 30
}, {
    "id": "com.mayoclinic.Quo Lux",
    "first_name": "Madalena",
    "last_name": "Rieflin",
    "user_name": "Bitwolf",
    "email": "mrieflinu@lycos.com",
    "password": "9hHoebRUq",
    "avatar": "https://robohash.org/hicvoluptatemet.png?size=200x250&set=set1",
    "preference_price": true,
    "preference_zone": true,
    "preference_stars": false,
    "user_opnion": "Future-proofed context-sensitive framework",
    "register_user": 31
}, {
    "id": "com.bing.Bitwolf",
    "first_name": "Dasie",
    "last_name": "Abramovitch",
    "user_name": "Bitchip",
    "email": "dabramovitchv@feedburner.com",
    "password": "1T69ycMzCe",
    "avatar": "https://robohash.org/consequaturfacilisquo.png?size=200x250&set=set1",
    "preference_price": true,
    "preference_zone": false,
    "preference_stars": false,
    "user_opnion": "Persistent maximized architecture",
    "register_user": 32
}, {
    "id": "ru.odnoklassniki.Redhold",
    "first_name": "Brennen",
    "last_name": "Fellgett",
    "user_name": "Toughjoyfax",
    "email": "bfellgettw@elpais.com",
    "password": "V1yktWyC",
    "avatar": "https://robohash.org/nihilnonipsa.png?size=200x250&set=set1",
    "preference_price": false,
    "preference_zone": false,
    "preference_stars": true,
    "user_opnion": "Down-sized fault-tolerant product",
    "register_user": 33
}, {
    "id": "com.hibu.Zontrax",
    "first_name": "Janetta",
    "last_name": "Geraldez",
    "user_name": "Voltsillam",
    "email": "jgeraldezx@netvibes.com",
    "password": "kadu1bH",
    "avatar": "https://robohash.org/blanditiisetqui.png?size=200x250&set=set1",
    "preference_price": false,
    "preference_zone": true,
    "preference_stars": true,
    "user_opnion": "Proactive maximized superstructure",
    "register_user": 34
}, {
    "id": "jp.ne.so-net.Stim",
    "first_name": "Gil",
    "last_name": "Rudsdell",
    "user_name": "Bigtax",
    "email": "grudsdelly@chron.com",
    "password": "Oed3ghtAHo",
    "avatar": "https://robohash.org/nobisautemdelectus.png?size=200x250&set=set1",
    "preference_price": true,
    "preference_zone": false,
    "preference_stars": false,
    "user_opnion": "Public-key interactive productivity",
    "register_user": 35
}, {
    "id": "gov.hhs.Bytecard",
    "first_name": "Ernie",
    "last_name": "Whaymand",
    "user_name": "Daltfresh",
    "email": "ewhaymandz@themeforest.net",
    "password": "51U6al",
    "avatar": "https://robohash.org/perferendisrepellatquas.png?size=200x250&set=set1",
    "preference_price": true,
    "preference_zone": false,
    "preference_stars": false,
    "user_opnion": "Exclusive 24 hour toolset",
    "register_user": 36
}, {
    "id": "com.vinaora.Alpha",
    "first_name": "Robby",
    "last_name": "Mcwhinney",
    "user_name": "Prodder",
    "email": "rmcwhinney10@wunderground.com",
    "password": "uEue11a",
    "avatar": "https://robohash.org/aaliquideos.png?size=200x250&set=set1",
    "preference_price": false,
    "preference_zone": false,
    "preference_stars": true,
    "user_opnion": "De-engineered mobile secured line",
    "register_user": 37
}, {
    "id": "com.fotki.Holdlamis",
    "first_name": "Abbi",
    "last_name": "Egan",
    "user_name": "Gembucket",
    "email": "aegan11@about.com",
    "password": "ENfKpSVn3",
    "avatar": "https://robohash.org/fugaeosveniam.png?size=200x250&set=set1",
    "preference_price": false,
    "preference_zone": true,
    "preference_stars": false,
    "user_opnion": "Business-focused needs-based monitoring",
    "register_user": 38
}, {
    "id": "com.tmall.Subin",
    "first_name": "Gaile",
    "last_name": "Dewhirst",
    "user_name": "Lotstring",
    "email": "gdewhirst12@xing.com",
    "password": "M1qJq7Z5K",
    "avatar": "https://robohash.org/utquibusdamvoluptas.png?size=200x250&set=set1",
    "preference_price": true,
    "preference_zone": false,
    "preference_stars": true,
    "user_opnion": "Networked impactful pricing structure",
    "register_user": 39
}, {
    "id": "com.hp.Stronghold",
    "first_name": "Lester",
    "last_name": "Bolf",
    "user_name": "Stim",
    "email": "lbolf13@netvibes.com",
    "password": "aJtNnVtI",
    "avatar": "https://robohash.org/nullaomnisut.png?size=200x250&set=set1",
    "preference_price": true,
    "preference_zone": false,
    "preference_stars": true,
    "user_opnion": "Reverse-engineered responsive adapter",
    "register_user": 40
}, {
    "id": "com.mayoclinic.Konklux",
    "first_name": "Fergus",
    "last_name": "Wrintmore",
    "user_name": "Alpha",
    "email": "fwrintmore14@mapquest.com",
    "password": "YxPzYn",
    "avatar": "https://robohash.org/odioetdolorem.png?size=200x250&set=set1",
    "preference_price": false,
    "preference_zone": false,
    "preference_stars": true,
    "user_opnion": "Reduced well-modulated structure",
    "register_user": 41
}, {
    "id": "net.themeforest.Zathin",
    "first_name": "Letty",
    "last_name": "Pellman",
    "user_name": "Fix San",
    "email": "lpellman15@g.co",
    "password": "hcSJKF",
    "avatar": "https://robohash.org/officiisquibusdamexercitationem.png?size=200x250&set=set1",
    "preference_price": true,
    "preference_zone": true,
    "preference_stars": true,
    "user_opnion": "Grass-roots dedicated firmware",
    "register_user": 42
}, {
    "id": "com.freewebs.Vagram",
    "first_name": "Emyle",
    "last_name": "Rozenbaum",
    "user_name": "Tres-Zap",
    "email": "erozenbaum16@ca.gov",
    "password": "TjaJ39x9C6",
    "avatar": "https://robohash.org/similiquedelenitirerum.png?size=200x250&set=set1",
    "preference_price": true,
    "preference_zone": false,
    "preference_stars": true,
    "user_opnion": "Seamless secondary support",
    "register_user": 43
}, {
    "id": "uk.ac.cam.Fintone",
    "first_name": "Barb",
    "last_name": "Robertsson",
    "user_name": "Alphazap",
    "email": "brobertsson17@altervista.org",
    "password": "S1yeTSup",
    "avatar": "https://robohash.org/explicaboestqui.png?size=200x250&set=set1",
    "preference_price": false,
    "preference_zone": false,
    "preference_stars": true,
    "user_opnion": "Profit-focused intermediate initiative",
    "register_user": 44
}, {
    "id": "edu.cornell.Duobam",
    "first_name": "Fallon",
    "last_name": "Oen",
    "user_name": "Ronstring",
    "email": "foen18@cmu.edu",
    "password": "8lyIIJ1N5H",
    "avatar": "https://robohash.org/debitiscorporisea.png?size=200x250&set=set1",
    "preference_price": false,
    "preference_zone": false,
    "preference_stars": false,
    "user_opnion": "Grass-roots mobile architecture",
    "register_user": 45
}, {
    "id": "com.sphinn.Hatity",
    "first_name": "Tristan",
    "last_name": "Record",
    "user_name": "Flowdesk",
    "email": "trecord19@pcworld.com",
    "password": "lLpgk7URHKR",
    "avatar": "https://robohash.org/consequaturveroculpa.png?size=200x250&set=set1",
    "preference_price": true,
    "preference_zone": false,
    "preference_stars": true,
    "user_opnion": "Team-oriented content-based encoding",
    "register_user": 46
}, {
    "id": "com.engadget.Flexidy",
    "first_name": "Symon",
    "last_name": "Elmore",
    "user_name": "Cookley",
    "email": "selmore1a@google.co.uk",
    "password": "5bvfTXTHXIno",
    "avatar": "https://robohash.org/nequealiquamsunt.png?size=200x250&set=set1",
    "preference_price": true,
    "preference_zone": false,
    "preference_stars": true,
    "user_opnion": "Proactive tangible Graphic Interface",
    "register_user": 47
}, {
    "id": "com.netvibes.Transcof",
    "first_name": "Cthrine",
    "last_name": "Pagon",
    "user_name": "Temp",
    "email": "cpagon1b@goo.ne.jp",
    "password": "ZRQY7r",
    "avatar": "https://robohash.org/nequedoloresarchitecto.png?size=200x250&set=set1",
    "preference_price": true,
    "preference_zone": true,
    "preference_stars": false,
    "user_opnion": "Synchronised system-worthy open architecture",
    "register_user": 48
}, {
    "id": "com.discovery.Regrant",
    "first_name": "Joelynn",
    "last_name": "Keech",
    "user_name": "Rank",
    "email": "jkeech1c@slideshare.net",
    "password": "xJCvYGHi3",
    "avatar": "https://robohash.org/minusvoluptascommodi.png?size=200x250&set=set1",
    "preference_price": true,
    "preference_zone": false,
    "preference_stars": false,
    "user_opnion": "Reactive scalable architecture",
    "register_user": 49
}]